sample,sample_uid,PC1,PC2,PC3,PC4,PC5,PC6,PC7,PC8,PC9,PC10,PC11,PC12,PC13,PC14,PC15,PC16,PC17,PC18,PC19,PC20,PC21,PC22,PC23,PC24,PC25,PC26,PC27,PC28,PC29,PC30,PC31,PC32,PC33,PC34,PC35,PC36,PC37,PC38,PC39,PC40,PC41,PC42,PC43,PC44,PC45,PC46,PC47,PC48,PC49,PC50,PC51,PC52
Por1_E1,220323,0.03480351861396979,-0.1713304095447593,-0.026401685693498708,0.050146212892744665,0.0007997678714994538,0.06508592164546037,0.001807194740147983,0.02873943687569807,-0.0021994887210776697,0.02554653753468331,0.007192984322265855,0.00628552406841349,-0.007183863721206819,0.006754722788494245,-0.0012962009069606196,0.008883433564109375,0.020718125245786,-0.003466903973364559,0.0018245928764345633,-0.0013806669087243716,-0.007333457206687374,0.0029028554161314255,0.000383729570743844,-0.0014154216304449604,0.003281149284786387,2.2064780124215912e-05,-0.00010507870486139722,-0.0008443605792183612,0.0002361153030758074,-2.68279961770566e-05,-6.449486222623034e-05,0.0,0.0,0.0,0.0,0.0,0.0,0.0,0.0,0.0,0.0,0.0,0.0,0.0,0.0,0.0,0.0,0.0,0.0,0.0,0.0,0.0
Por1_E2,220324,0.021269876192051,-0.20791353949012212,-0.04193589414304265,-0.013074088808255972,-0.0034363093382045492,-0.00080405061703546,0.0037246777726208736,0.011159877407390714,0.010288919061311104,-0.014265407453111074,-0.015172975786018898,-0.0010775064950154908,0.007478015336315076,0.0037331789778148054,0.006384609850747102,-0.003018411920826707,-0.002791767695425431,0.0034492853535198352,0.004629534164534892,-0.005099800259611224,-0.003234104123778036,0.003134888276130593,0.00020955897502093583,0.0008778706988018387,0.004431478680696798,0.001302212366800681,-9.567178367681475e-05,0.0012658115640415226,-0.0001646960567621635,0.0005357598650635819,0.0024225460360735155,0.0,0.0,0.0,0.0,0.0,0.0,0.0,0.0,0.0,0.0,0.0,0.0,0.0,0.0,0.0,0.0,0.0,0.0,0.0,0.0,0.0
Por1_E3,220325,0.03822695126350786,-0.192412405472612,-0.062376184207526324,-0.013728484143272445,0.020750940036266173,0.027469402499251786,0.035680940318392966,-0.044430971522252866,-0.00430132559586387,-0.0026870591859424757,0.00957922445864571,0.0009679818892122295,-0.0012897691157799554,-0.011270929910912912,-0.001064293601370017,0.0024654238657810267,0.01718964884489526,-0.002703279508478711,0.004155756630235253,0.0034423358345530303,0.0041695281494788855,-0.0005985421497164417,-0.003950727662962628,-0.0011892498308689304,0.0035518050303349658,0.0008289325231384129,-0.0003069057090260759,0.00018344639556203056,9.49975941782127e-05,-1.3733334395626936e-06,4.267679294005267e-05,0.0,0.0,0.0,0.0,0.0,0.0,0.0,0.0,0.0,0.0,0.0,0.0,0.0,0.0,0.0,0.0,0.0,0.0,0.0,0.0,0.0
Por1_E4,220326,0.01647452404803293,-0.18635813014086708,-0.03452178530349728,-0.010045943004828911,0.0005376444301534041,0.008174065830944195,0.00984563187600548,0.011553321364075516,0.010320392337651738,-0.012923106031520077,-0.014562512768655075,0.002310649625281855,0.019778474339898763,0.0018826492781614087,0.004450885006169033,0.010593643190758636,0.006587715746070777,-0.010149096750039005,0.007749044998045758,0.004394959995874698,0.007791876085967253,-0.001229309481650192,0.0031588028013905737,-0.0017817922029857304,0.0007481772157523657,-0.00043732222754521967,0.0002473688471856755,-0.0007351746172686226,7.025342688274834e-05,-5.4109156414941275e-05,-0.00035420937658087756,0.0,0.0,0.0,0.0,0.0,0.0,0.0,0.0,0.0,0.0,0.0,0.0,0.0,0.0,0.0,0.0,0.0,0.0,0.0,0.0,0.0
Por1_W1,220327,0.02735144736448416,-0.22328956719426815,-0.046147227971188066,-0.009197549360566944,-0.012558772170822779,-0.046161896556553776,-0.0026649119730100088,0.002009266636158403,-0.003989180215412845,0.010479199147076528,-0.001339519014903993,0.0031622039512362574,-0.00249878705814215,0.002820218100561966,-0.006682306299169383,0.0034070668034676442,0.000968052010857286,-0.00983642237371488,0.005167536017272448,0.005020246514945481,0.0015583991389541728,-0.0009420424179893993,0.004473679945113735,-0.0039048730959602923,-0.012195534256307667,-0.0014740791584659156,-0.0007643624507599788,-0.00028726424512381395,-0.0007417966053266883,-0.00040095111426159495,0.00040321453677504666,0.0,0.0,0.0,0.0,0.0,0.0,0.0,0.0,0.0,0.0,0.0,0.0,0.0,0.0,0.0,0.0,0.0,0.0,0.0,0.0,0.0
Por1_W2,220328,0.022880862612702127,-0.21326896082196709,-0.04503594025894651,-0.006936603351767184,0.00034246059671857944,-0.01642216643689421,0.05210735706829468,-0.03146211341249263,0.00047765220445364245,-0.0017718487281491223,-0.005905260066606505,0.005306204664613581,-0.004525160460955957,0.002517524201133346,0.003502438294033963,-0.007035398433677344,-0.005013809646917743,0.008324904158155452,0.0038243005938702257,-0.003747160708501553,-0.005832310409199352,0.00018212771518845503,0.0018700164323295328,-0.001231527697972494,-0.001994861258875108,-0.0009277638497858443,0.00018985232189019092,-9.547737864442435e-05,-0.00010984394350019282,-7.312343966262392e-05,4.795250724111528e-05,0.0,0.0,0.0,0.0,0.0,0.0,0.0,0.0,0.0,0.0,0.0,0.0,0.0,0.0,0.0,0.0,0.0,0.0,0.0,0.0,0.0
Por1_W3,220329,0.020404045793337492,-0.20125782495582384,-0.038816340963456986,-0.020357887651175015,-0.012076603521986572,-0.08313398597761969,-0.01230417923094876,-0.003040788125500191,-0.015768708353480123,0.021059087913436605,0.011288498331434407,-0.00040906464939105227,0.0012131214891863272,-0.0036954619605265755,-0.007665834903637946,-0.001390314172346441,-0.00907435030112668,0.00300152777857614,0.0002313612563167855,-0.001024874966525958,0.0009056109661623973,-0.0003341695089955196,-0.0019781753245523273,0.002461174813519092,0.0058563488728554025,0.0005085437907414169,0.0004936084881164112,0.0004674491159589339,0.00021095432149068058,0.0001542796745484164,-4.7113155151945424e-05,0.0,0.0,0.0,0.0,0.0,0.0,0.0,0.0,0.0,0.0,0.0,0.0,0.0,0.0,0.0,0.0,0.0,0.0,0.0,0.0,0.0
Por1_W4,220330,0.02280949227808369,-0.20893752114961028,-0.041897888031791584,-0.008064082729453989,-0.0046904938880597555,-0.0005734273786893149,0.005950811914406655,0.010568811814716925,0.010942143210650703,-0.014116258688118019,-0.01667250297071428,0.0006874232431943483,0.0072504638208355,0.005925665148083324,0.008030158904273776,-0.0016035394487354149,-0.002589841725183779,0.0034291178910194173,0.0030639399836823083,-0.007214178542125203,-0.007795754459143506,0.0036967895698507124,0.002516108283503628,-0.0006704223967069837,0.0008382502058189785,-0.001057086170202832,0.00019197154457931465,-0.0011449492515551492,2.886012776360086e-05,-0.00044510671095219443,-0.001963070660517993,0.0,0.0,0.0,0.0,0.0,0.0,0.0,0.0,0.0,0.0,0.0,0.0,0.0,0.0,0.0,0.0,0.0,0.0,0.0,0.0,0.0
Por2_W1,220331,0.13105400680102886,0.12320200045811175,-0.046976628806212166,0.0141172061685474,0.05369708836737194,-0.001262751437152736,-0.04455133714078978,-0.029307116602133976,-0.0038117387246610784,-0.0030193615055121876,-0.005034793438278218,0.029804789409332223,0.005311842154098821,-0.009964714996599547,3.2272985699067404e-05,0.0008534389101719166,-0.0007624873012702085,0.00302792311071461,-0.0022216983440349713,-0.005743038977273632,0.0018096792162266336,-0.003100895125000247,-0.002455857234390945,-0.005690054910506421,0.0005795804885228168,-0.0008557781428179419,0.0009216446391709829,-0.00042777678456622003,0.0002759213255988053,-0.00018485620894264114,3.0270021475175482e-05,0.0,0.0,0.0,0.0,0.0,0.0,0.0,0.0,0.0,0.0,0.0,0.0,0.0,0.0,0.0,0.0,0.0,0.0,0.0,0.0,0.0
Por2_W2,220332,0.13677390333230843,0.13674513080382886,-0.05721657288970224,0.009468942330101985,0.023033210984373678,-0.008173030398728846,-0.00011824778246683616,0.00545404444289838,-0.006555564121229501,-0.020890683058349388,0.011065955666588547,-0.007085009934743297,0.000858261024794945,-0.005223130558167543,-0.01317691991159272,0.008769250659516137,-0.0015637637285445705,0.005751345722295261,-0.007332443497497034,-0.000661421127948967,0.001033561688359317,0.0013751343160436156,0.002599533540993637,0.0015297781608738055,-0.0013138149671905108,-0.0003523882789995944,-0.0014580626975389838,0.0007220313513856552,0.00018472474213539924,0.0004190269201793448,-0.00029228559986732165,0.0,0.0,0.0,0.0,0.0,0.0,0.0,0.0,0.0,0.0,0.0,0.0,0.0,0.0,0.0,0.0,0.0,0.0,0.0,0.0,0.0
Por2_W3,220333,0.15490631262931592,0.15381190825756505,-0.06897339512876029,0.008910853724702962,0.05608126336795083,-0.0075010432240643415,0.06648360997358048,-0.02100472676825177,-0.0015259111132139326,0.002862259546127763,0.013634302862168313,-0.00788848512156871,-0.01038391802231794,0.004004611881577677,0.00246553026947415,-0.004629172040506576,0.005927259735332487,0.005519030551370819,-0.0025508583765816127,0.0017698675400291265,0.0008394634206154611,-0.000628684990694004,-0.0007238057464187904,0.0010486190831293023,0.0007554400730990182,0.0004547360089755982,-0.00034107010420639364,-7.94017149617797e-05,-2.3171619266592065e-05,-2.2207170538661578e-05,4.649898088025972e-05,0.0,0.0,0.0,0.0,0.0,0.0,0.0,0.0,0.0,0.0,0.0,0.0,0.0,0.0,0.0,0.0,0.0,0.0,0.0,0.0,0.0
Por2_W4,220334,0.1397011607249812,0.14378461612770493,-0.054783533207389955,0.00801874931508023,0.051572072820991334,-0.008799738661087938,0.00698524564583309,0.01568519994654291,0.020778751027970197,0.02316573727085618,0.011214257432630374,-0.03610329317172532,0.003919745985400989,-0.002443703085794755,0.010293534305572258,0.00905886614943549,-0.009753653202985366,-0.003106002832142863,0.001765805264570788,-0.0009039767557654817,-0.0030520724301536096,-0.0015869814304964017,-0.0008859356647041071,-0.005168691179111283,-0.00031332415514104224,-0.0012405172577456818,0.0014295330052115525,-0.0007497811253808556,0.00014392536435802565,-0.00048258181481074903,0.00016570428247923363,0.0,0.0,0.0,0.0,0.0,0.0,0.0,0.0,0.0,0.0,0.0,0.0,0.0,0.0,0.0,0.0,0.0,0.0,0.0,0.0,0.0
Por2_W5,220335,0.1400267919944309,0.14556349497501586,-0.05629838201952155,0.00025138161069202555,0.009899698372359706,-0.0068836594366580755,0.009638732640817745,0.017609541519205366,-0.017697734967293124,-0.007826828750715482,-0.021187670358330885,-0.005055014776465277,-0.019349731724644135,0.014374328421022963,-0.01667507567570006,0.004217818623748826,0.001704393450596249,-0.001862567842141826,-0.004907097193783758,-0.008568533262740383,0.007389755090185484,0.0006349811149298973,0.00760201290042557,-0.005552408525865993,0.0018470863400292484,-0.0013016453162930602,-0.0006125971813962116,-0.001388162932087498,0.00034214248213473077,-0.00018811884762219078,0.0002302303178681667,0.0,0.0,0.0,0.0,0.0,0.0,0.0,0.0,0.0,0.0,0.0,0.0,0.0,0.0,0.0,0.0,0.0,0.0,0.0,0.0,0.0
Por2_W6,220336,0.17620271677820162,0.17349418705037953,-0.07904331802083203,0.000954399376353551,0.060508661634248916,-0.020135929489387208,0.011463536205884245,0.031020070167522493,0.046908029646573604,0.009584126377745274,0.010017620426429742,0.01942807486059537,0.016739709205502686,-0.010513131730995436,-0.006643561417706577,0.008043063341806114,-0.0038401209104373273,0.007408060983683686,0.0024409964530254075,0.0016012072204726192,-0.0028546222547099175,-5.556411281857711e-06,-0.0004334194131049869,-0.0022786047434859642,-0.0011172510739574685,-0.0022568718380452787,0.0010234384641593975,0.00019147808339772278,0.0002425202626445119,-7.66953123490939e-05,-1.0282224975184796e-05,0.0,0.0,0.0,0.0,0.0,0.0,0.0,0.0,0.0,0.0,0.0,0.0,0.0,0.0,0.0,0.0,0.0,0.0,0.0,0.0,0.0
Por2_E1,220337,0.14540670487568766,0.1510150214126603,-0.06531080803270287,-0.0003686313388902093,0.008377418606467875,-0.004766984120415035,-0.0074865216054201735,0.0051764486452300145,-0.012002057501718375,-0.014436113993100077,-0.024778843900788054,0.028099274049043325,-0.005917596191268365,-0.01502289474331575,-0.008944536399512218,0.0021835312623471595,0.0019597094727792446,0.005827668056253602,-0.0011304231317156137,0.009785429864813781,-0.005647515810110482,0.0010965840217364515,0.00024495823557939137,0.002934248483931915,0.0005642607104620235,0.0003072300514187197,-0.00010497337837213188,-0.00031970245019097347,-0.0002750043968667742,-0.00029556168356409954,0.00018298099159423846,0.0,0.0,0.0,0.0,0.0,0.0,0.0,0.0,0.0,0.0,0.0,0.0,0.0,0.0,0.0,0.0,0.0,0.0,0.0,0.0,0.0
Por2_E2,220338,0.13287620731050814,0.1252118883188007,-0.049051142706589265,0.019954080788045808,0.0302944344560616,0.005365746592304118,-0.03833424007673968,-0.03372029465011135,-0.04096342749306,-0.01958566469571841,0.007376294916897242,-0.013090845828921444,0.003949231415688881,0.015682019455658863,0.011849605546101833,0.0055907761595012945,0.00028966727713754345,0.004808797895376021,0.005235949542203911,0.01302328893912243,-0.005264899692627657,0.00508289080118761,0.007848610854367449,-0.0009270350121037046,0.00039534570178019593,-0.00176032057133072,0.0004562393177305329,-0.00032117312800165003,0.00038801694225229966,-8.186660923447602e-06,0.00012956541676102906,0.0,0.0,0.0,0.0,0.0,0.0,0.0,0.0,0.0,0.0,0.0,0.0,0.0,0.0,0.0,0.0,0.0,0.0,0.0,0.0,0.0
Por2_E3,220339,0.13334268669234453,0.12802833697868188,-0.05174887474824019,0.012326787329835599,0.007312835274148134,0.007099461434703516,-0.02023397627973578,-0.019101260963070847,-0.012164531373569012,-0.019767147878245458,0.031168580533383342,0.005603096493000805,0.006004908579533652,0.017430055056269593,-0.006015570735098087,-0.005775793002718906,0.0022390085159987336,-0.0030824444518437887,-0.0022870426350170394,-0.011394781667402733,0.0066549170046476015,-0.0016574940944447856,-0.003377464291589766,0.0026813083040899124,-0.0015109597517282624,0.0010584159289740009,0.00046201743647971875,0.0003876105908361681,-0.0005103447899634789,0.00014427419078937232,-0.00019829020225722825,0.0,0.0,0.0,0.0,0.0,0.0,0.0,0.0,0.0,0.0,0.0,0.0,0.0,0.0,0.0,0.0,0.0,0.0,0.0,0.0,0.0
Por2_E4,220340,0.18313515431748653,0.17994825271067952,-0.08541966154497696,-0.00563081784953517,0.04939376651983924,-0.014720014610855146,0.021203094978672746,0.039761225137767024,0.011269600038041139,0.007204215549874725,-0.01594032187838324,0.004631770486978187,-0.006561735587776969,0.016193714760159718,-0.004146221539348748,-0.009309003889613815,0.005644233508645233,-0.010527942921487439,0.00642533563308724,-0.0003844561227999022,0.00030015714190683763,0.001052275309621901,-0.0033548043175109163,0.004260642164932629,-2.954348410182106e-05,0.0019197625094977667,-0.00015432628081609367,0.0020171119032483106,1.544578673402511e-05,0.000572026327328766,-0.0002037818616943689,0.0,0.0,0.0,0.0,0.0,0.0,0.0,0.0,0.0,0.0,0.0,0.0,0.0,0.0,0.0,0.0,0.0,0.0,0.0,0.0,0.0
Por2_E5,220341,0.13550861545741227,0.13384260016736832,-0.05552267822263602,0.0050373740171814905,0.01021049687351287,0.003060458000342375,-0.017890524947805544,-0.011564383234283373,-0.031867956906465225,-0.008151362737498427,-0.027779300354407014,-0.018000598132702737,-0.009051909730134079,-0.007669147481625074,0.0022504530616045608,0.0021044543358147553,-0.0008970007657563739,-0.00761449202339641,0.0019110114779868441,0.0005361812154275426,-0.004820454944312896,-0.004679074857854732,-0.011560386354596146,-0.0006363240846721869,-9.097629697847946e-05,0.0007291783060571586,9.672064841588363e-05,0.0011165073274202447,-0.0002566297829101752,-2.7547240161457492e-05,-0.00019144926857074762,0.0,0.0,0.0,0.0,0.0,0.0,0.0,0.0,0.0,0.0,0.0,0.0,0.0,0.0,0.0,0.0,0.0,0.0,0.0,0.0,0.0
Por2_E6,220342,0.13385876924332613,0.13406891568633988,-0.0530653096298037,0.011229498663814383,0.07420952523075361,-0.01151550998785764,-0.015691312716793693,-0.005921363541851913,0.017312768044442827,0.01940623317631103,0.0024792648738290986,-0.002434520484777654,0.003429687945391358,-0.0022320695278987006,0.019043197141616352,-0.015164564737142762,-0.0021459321952744933,-0.005446042215313453,-0.00031915650356937166,0.0010578995050417388,0.002696180523724132,0.0016625907593090894,0.004213358745148109,0.005916796949543494,0.0003394281171513446,0.0027132046850769304,-0.0016657770511323256,-0.001477373216223783,-0.0006434033112842941,-4.9030232052833136e-05,0.00010937776138561342,0.0,0.0,0.0,0.0,0.0,0.0,0.0,0.0,0.0,0.0,0.0,0.0,0.0,0.0,0.0,0.0,0.0,0.0,0.0,0.0,0.0
Por3_E1,220343,-0.23142718094261233,0.032264505916397665,-0.013692947493029826,-0.08337419690506906,0.026202912555285108,0.0014267950352796915,0.007710957558568385,0.03137805566385388,-0.019266799599747985,-0.013147661898355386,0.023825296124221063,0.013747927466668074,-0.019462316523422285,-0.0178526247136495,0.024432594179248104,0.003584147944661446,-0.004444800205846636,-0.004986472717736094,-0.002903197267163865,-0.0016611464646671121,0.002801925631866393,0.0021437449390688335,0.0038086867562715843,0.0028456804859955543,-0.0010657162572200421,0.0007777073273225308,0.0004567052314042298,8.090774683299248e-05,0.0015143972034834237,0.0003911538899695973,-0.0002077854120124776,0.0,0.0,0.0,0.0,0.0,0.0,0.0,0.0,0.0,0.0,0.0,0.0,0.0,0.0,0.0,0.0,0.0,0.0,0.0,0.0,0.0
Por3_E2,220344,-0.26300710012346734,0.04302720809829349,-0.021158408654641445,-0.06975315536814598,0.015586781494837257,0.0026445575805249017,-0.007276193576413074,0.0015453407973743231,0.006822505155652671,-0.005840330273939503,0.004219688992459102,-0.002811345586600626,0.0020482784030431238,0.0036577488177002636,-0.0055824275666907,-0.001196462737380328,-0.0007090099077219659,-0.0022547009455240303,-0.00032888514520128736,0.0024575888356189574,-0.0032249298892138133,-0.0016015511178261736,-0.0015404826821883812,-0.0018427112204871263,-3.538102527697541e-05,-0.0012628272602295111,0.004135727813951922,-0.0013090211792150398,-0.0027384330275077385,0.0034974059419819545,-0.0001880889433616405,0.0,0.0,0.0,0.0,0.0,0.0,0.0,0.0,0.0,0.0,0.0,0.0,0.0,0.0,0.0,0.0,0.0,0.0,0.0,0.0,0.0
Por3_E3,220345,-0.27129676480860365,0.044905819897138925,-0.022611626153272155,-0.06542161919574306,0.015643610944882785,0.002595777510136683,-0.006792503833658625,0.001031037903243065,0.005609602914834692,-0.005988969200100203,0.0024026455529812707,-0.0029225262654552346,0.005520706341013315,0.003410305688465076,-0.0077850041656124,-0.0003388116054255863,-0.002481437203449543,-0.0036333252314410653,0.0011638398119235267,-0.0019015682743755294,-0.0009670114801960379,-0.002666519168957029,2.7460656065453687e-05,0.002733165529002867,6.211169565507245e-05,0.0007092255389919152,-0.00028733577906792313,0.0030714247897927387,0.0012939575203558813,-0.0019063378205302819,-0.00021309415230089568,0.0,0.0,0.0,0.0,0.0,0.0,0.0,0.0,0.0,0.0,0.0,0.0,0.0,0.0,0.0,0.0,0.0,0.0,0.0,0.0,0.0
Por3_E4,220346,-0.26027284032014253,0.04160188307290074,-0.02041389277151078,-0.07477239258281623,0.021936664183810937,0.006825029863377407,-0.016952403499824433,-0.005556862735809323,0.0030718566115914905,0.010127622633640034,-0.0035248865827397853,-0.013473764084551932,0.013313456114482798,0.003949884930560463,-0.011449333902873053,0.002942551738385195,0.01090758097312091,0.019608146325749795,0.006309823584997407,-0.0010492507678452427,0.005288305325065523,0.006149359838778186,0.0022532418475256556,0.0046978813234008696,-0.0008032170678697724,-0.00044538105159828,-0.0022423860217913034,0.002267048109291887,0.0003577620373032025,0.00036038970417272514,-9.098637491365694e-05,0.0,0.0,0.0,0.0,0.0,0.0,0.0,0.0,0.0,0.0,0.0,0.0,0.0,0.0,0.0,0.0,0.0,0.0,0.0,0.0,0.0
Por3_W1,220347,-0.14027326270092316,0.11903149297087139,-0.03483305994262088,-0.11047644639570556,-0.01945156835575921,0.005849076211331974,-0.009236322475916721,-0.007672495261236444,-0.017152388445084488,0.034284029112466544,-0.038078027850127365,0.0028665405907701267,-0.00464016327979727,0.0011494603052653249,0.0077415016457444965,-0.0026245356957615524,-0.001138301431281704,-0.00018599358794232934,0.0017819093645751413,-0.0033146759330203624,0.002320135653997305,-0.00014739637862894753,0.0010731442334471336,-0.00027063883612680366,-0.00040906511911271607,4.546580306626132e-05,0.0004614942158222921,-0.0001535734646735953,-4.6628739220497065e-05,-1.280193708359362e-05,5.775157595586724e-06,0.0,0.0,0.0,0.0,0.0,0.0,0.0,0.0,0.0,0.0,0.0,0.0,0.0,0.0,0.0,0.0,0.0,0.0,0.0,0.0,0.0
Por3_W2,220348,0.09055162643750737,0.1542006136655464,-0.049859168097593116,-0.011164753735774406,-0.09786756440930354,0.018979202330012896,-0.030935834256909045,-0.05224683161793865,0.05963952919038688,0.018510671596388518,-0.0025535969973041273,-0.0043295856231855565,-0.0034518376462915885,-0.0011752078056148575,-0.0017258923345527784,-0.0017454606936150375,0.0019247382571300723,-0.001715944025697464,-0.0043230412153107975,0.00048020399310356055,0.000371039958863794,1.8203343588425647e-05,0.0011786971053613254,-0.0013400908535300055,0.0006422092299849025,-0.0002718253130043145,6.0649164991181214e-05,-2.2381973269255585e-05,0.00014750737459670357,-2.0496250837383062e-05,-1.9865718102713446e-05,0.0,0.0,0.0,0.0,0.0,0.0,0.0,0.0,0.0,0.0,0.0,0.0,0.0,0.0,0.0,0.0,0.0,0.0,0.0,0.0,0.0
Por3_W3,220349,-0.2672947550654464,0.043366504057578685,-0.021920321678236928,-0.0816724529794381,0.01628316622093195,0.003806603111014367,-0.007274013940929838,0.006923654342400739,0.008253585529146052,-0.01040008456595968,0.013191171490445686,0.000606568778174475,-0.0067695922356437715,-0.003816844357414619,0.004637650863130481,-0.003709070609628811,0.003195541202802285,-0.005155610120064162,-0.007170961489250601,0.001316431329257761,-0.0014887208487178603,-0.0010919538549212574,0.0005415085492661348,-0.00870173272419114,0.005105344708346639,-0.004272459795332692,-0.0028803282706571566,0.0020541661813040526,-0.002340609037917115,-0.0011891672044085984,0.00043502927459155373,0.0,0.0,0.0,0.0,0.0,0.0,0.0,0.0,0.0,0.0,0.0,0.0,0.0,0.0,0.0,0.0,0.0,0.0,0.0,0.0,0.0
Por3_W4,220350,-0.2710154204391866,0.04467045158554946,-0.02270410746984289,-0.07347290141631765,0.01550462019507664,0.0030602018332071454,-0.007810744952702002,0.002141359538525701,0.00681143002147594,-0.010173250374188031,0.006388275397964248,-0.0046378618546378345,0.004402607287994627,0.006538997156802123,-0.008460425402274527,-0.002440361656068137,0.0028104520104825456,0.0009915674633647702,0.0020084977507873053,0.0042284523849189576,-0.0050423920292627334,-0.0015892267488053396,-0.007484367013113876,0.0005765905358055365,-0.002196611510574006,0.004758494097765769,0.00012358795537741908,-0.006019742537277486,0.0019364272580043767,-0.0011349834853972853,0.00031004818272046007,0.0,0.0,0.0,0.0,0.0,0.0,0.0,0.0,0.0,0.0,0.0,0.0,0.0,0.0,0.0,0.0,0.0,0.0,0.0,0.0,0.0
Por4_E1,220351,0.05378774544154443,0.0018936218272977148,0.2380352979242157,0.005140473335283243,0.008028740882792266,-0.002447095857630816,0.010550404509659592,0.013771590125861858,-0.016345733942732706,0.004839696508486864,-0.0034469788767183683,-0.0023906356175380523,0.012209468240570245,-0.0098988032519065,-0.00545401276792628,-0.006548392455696669,0.0005099153913514883,0.002963213108664057,-0.003668518175244783,0.0006896712458951201,0.0018018611087976502,0.0010664936414710629,0.0020000032603481118,0.006930011589615294,0.0004040871573486265,-0.00019214773370806936,0.000589695273779978,-0.00260563962315402,-0.003413340474152551,-0.0009452473254450642,0.00014953732707166184,0.0,0.0,0.0,0.0,0.0,0.0,0.0,0.0,0.0,0.0,0.0,0.0,0.0,0.0,0.0,0.0,0.0,0.0,0.0,0.0,0.0
Por4_E2,220352,0.043697786271703,0.009049359284376684,0.2648310802104695,-0.004133963564460931,-0.007470358770777304,0.0014548713664923568,-0.006963764076303524,-0.01208160910297229,0.013947369523785787,-0.006213347696560079,0.0026236728711490215,0.006100086710483508,-0.014829484329895427,0.008337778276437577,0.005281181295544083,0.015379695487953338,-0.0024779083738378353,-0.0001392985948163407,0.008377087147171886,-0.005367870234146077,0.004715570789098167,-0.000860463878145967,-0.0026429037532511492,0.0054192309959258615,0.0008865862570298192,-0.005182582569050667,0.00013210296013264455,-0.004521029104702172,-0.0004128253333225387,-0.00033261210726054336,0.0005408451010753677,0.0,0.0,0.0,0.0,0.0,0.0,0.0,0.0,0.0,0.0,0.0,0.0,0.0,0.0,0.0,0.0,0.0,0.0,0.0,0.0,0.0
Por4_E3,220353,0.034037940103771466,0.01122241596124883,0.25197336970700057,-0.002656202910044947,-0.003918452895211005,-0.0012288961532557572,0.0035204564141862083,-0.0013692600023843308,0.013601468239728937,0.0021136276893909357,-0.007152651382888799,-0.00499749907659335,-0.0048599364492403685,-0.006912867035642054,-0.0052672254299955465,-0.01146137697039114,0.004315725929964467,-0.0033555486730027966,-0.010081652639672164,0.003633888279971871,6.907777226837643e-05,0.0014228056100544144,0.0025107257617893786,0.00014387950338771977,-0.0001989890546648562,-0.002627921118043467,-6.549976245989325e-05,-0.00029330707643869264,0.005404507776706245,0.0011888312262276352,0.00017781822077438873,0.0,0.0,0.0,0.0,0.0,0.0,0.0,0.0,0.0,0.0,0.0,0.0,0.0,0.0,0.0,0.0,0.0,0.0,0.0,0.0,0.0
Por4_E4,220354,0.03909600636508684,0.013984358765258198,0.2576678432245206,-0.003463515504461826,-0.005751267788909833,-0.0005104213367395501,0.0011794417581392123,-0.0038995890257357744,0.012347825972911073,-0.001032718454542576,-0.002963344819592837,-0.002864608906028701,-0.004042549511924111,-0.0034603154945671405,-0.00243738392341453,-0.0055206508241368935,0.0017210145425465425,-0.002498600868756536,-0.006109583643241981,0.0029966526785490193,-0.002434952402800171,7.572280162806808e-05,0.0013010086361582504,-0.002446232821513576,-0.00042418676553111897,0.0032480145823667117,-0.0068825740904819785,-0.0006089747333190441,-0.0024310665705258557,0.0005543046716088405,-0.0006042141418732211,0.0,0.0,0.0,0.0,0.0,0.0,0.0,0.0,0.0,0.0,0.0,0.0,0.0,0.0,0.0,0.0,0.0,0.0,0.0,0.0,0.0
Por4_W1,220355,0.03795675533040555,0.012713309855621682,0.24194690534836816,-0.0003011026097783486,-0.004817423448977399,-0.00027257505254587244,-0.008376775323996331,-0.010993368256079048,0.01619193461904162,-0.0006634260231068145,0.004135276023088419,0.0082156627626401,-0.014951809038980324,0.006643849057852067,0.005879528100301231,0.02249889966072947,-0.009615887878620565,0.004382458001740296,0.01164725898060251,-0.0004793276035741485,-0.0014149942399909667,-0.0006519393964585361,-0.00014370023514736875,-0.00101666558517334,-0.0006728146025631971,0.00631452099576646,-0.001333991925343961,0.003244028082578373,0.00017030754482184467,0.0004898273601623858,-0.00018825031068573565,0.0,0.0,0.0,0.0,0.0,0.0,0.0,0.0,0.0,0.0,0.0,0.0,0.0,0.0,0.0,0.0,0.0,0.0,0.0,0.0,0.0
Por4_W2,220356,0.06027644088487754,0.0019433652769429907,0.24383336297672964,0.004935077012529309,0.0050122902099657305,-0.0007748343427214084,0.007174091179109737,0.010517123674019782,-0.022437758056059926,0.0012843560082973083,0.0028813669292767573,-0.002392579898698837,0.014909240167746425,0.0006384188555710492,0.0011514084151513703,-0.003069481359964862,-0.002582817212669933,-0.001197131789850533,0.005657235717583607,-0.0005577351880924677,-0.003142200987371468,-0.0025911442663163428,-0.008100008150075099,0.0007945529157909144,-0.0006135975278004419,-0.006820602166338954,-0.0028997938245927065,0.0020616759725884245,0.001019701540927654,0.00034114940661362397,-0.00016584248983224348,0.0,0.0,0.0,0.0,0.0,0.0,0.0,0.0,0.0,0.0,0.0,0.0,0.0,0.0,0.0,0.0,0.0,0.0,0.0,0.0,0.0
Por4_W3,220357,0.06380537407000036,0.002220030571569095,0.2556514884939903,0.0028276573760036565,0.005287537017719159,-8.56202118066873e-05,0.006290215262623848,0.00974820523063088,-0.024587774309118834,-0.0019322625759380433,0.003785397743370694,-0.000360589971733378,0.02051572150145318,-0.0022330376985773676,-0.0009961562407442932,-0.006159746984772837,0.0013256320956870403,0.0024458316415182798,-0.0017658260079487149,-0.004619562760108987,0.00021569946949114583,-0.0014624171029232172,0.0026770621119314507,-0.011316887273249619,-0.0001565798014052081,0.00575055189159463,0.0020934422873763576,-0.0003677101019289411,0.0007130766186005397,4.215046004833869e-05,0.0003128556953714053,0.0,0.0,0.0,0.0,0.0,0.0,0.0,0.0,0.0,0.0,0.0,0.0,0.0,0.0,0.0,0.0,0.0,0.0,0.0,0.0,0.0
Por4_W4,220358,0.03858881258305701,0.009517773856611601,0.2622494946972684,-0.004020234071051109,-0.0059796512774876135,0.00042821954218376715,-4.664442372865797e-05,-0.005786818553127988,0.010772392886454766,-0.003160224659702324,-0.001494414868048094,-0.0017755841270077723,-0.007082710866334619,0.0038897320592444556,-0.001202978341294164,-0.006012124173779575,0.0052586232626857035,-0.003208811379460587,-0.0036898189300593074,0.003758983347203053,-0.0005595207391618975,0.0028330967615031407,0.0017665838396747132,0.002638204601595091,0.00023669646117948327,-0.0001999482473235141,0.00809029682637216,0.003448882301446551,-0.0010982864663263933,-0.0012786036064945001,-0.0002510291838421403,0.0,0.0,0.0,0.0,0.0,0.0,0.0,0.0,0.0,0.0,0.0,0.0,0.0,0.0,0.0,0.0,0.0,0.0,0.0,0.0,0.0
Por5_E1,220359,0.10785113111939439,0.12317023207004572,-0.053155273992387536,-0.006494359812251782,-0.09729095664392974,0.047954577512792036,0.0012326345114001323,0.012683363026940366,-0.02673219687718897,0.03536074360907743,0.024435431902482724,0.014528671797044555,0.0019012374175539188,0.008971344806642757,5.7126589586097725e-05,-0.000487294968250633,0.0017602515108162582,0.0011226781921193662,-0.0011479517739352582,0.002223416444315014,-0.004718276060117142,0.000558899103220132,-0.0006037553188337455,0.0002343653410937516,0.0008800370788393065,3.614675924901798e-05,-0.00015193722961811217,4.798407222199452e-05,-2.497497500917046e-05,-5.039314215452889e-05,0.0001173746599755487,0.0,0.0,0.0,0.0,0.0,0.0,0.0,0.0,0.0,0.0,0.0,0.0,0.0,0.0,0.0,0.0,0.0,0.0,0.0,0.0,0.0
Por5_E2,220360,-0.07704285665528235,0.17051968409725995,-0.06506803758902739,-0.009022767366430548,-0.11127432211259483,-0.034463485173823305,0.026662290756359945,0.018722260256548107,0.015399033604216345,-0.03792542666315341,0.008453614612466565,0.0017149353183737962,-0.002951822031687631,0.0105277301341264,-0.0038598870167784066,-0.0035514555028408,-0.0007269244819873813,-0.001777383988809931,0.0014655734725194693,0.0035627380728266616,-0.0028406058044108213,-0.000121467377334798,-0.001064269635099555,-0.0004588078098881503,-0.00026215142382843135,4.3615828720240016e-05,-3.147457457547495e-05,-0.00013011329018545057,-6.538735286760726e-05,-0.00011694243053751258,3.277783904974787e-05,0.0,0.0,0.0,0.0,0.0,0.0,0.0,0.0,0.0,0.0,0.0,0.0,0.0,0.0,0.0,0.0,0.0,0.0,0.0,0.0,0.0
Por5_E3,220361,-0.3334869143185112,0.09075868567872715,-0.017727569552130767,0.13122161735559135,-0.003313427911289916,-0.0026520150018171165,-0.012373364891769401,0.010406058709621083,-0.00020729624812705093,0.001915946842674571,-0.0020461634875616774,-0.002972720725868605,0.00014189512774547417,-0.00245931328367676,-0.0018179325753091252,-0.001661617582343309,0.004060436473846418,0.0008162825959272261,0.005237593662497425,-0.0009209063046513642,-0.0037939531554409605,-0.019308924646145073,0.008740531200877723,0.004362123108232502,0.0023420959920630083,6.608749032622188e-05,-0.00012952190346503774,0.0002938372694837173,0.0002493911547564475,0.00017362318112386995,8.57680047542559e-05,0.0,0.0,0.0,0.0,0.0,0.0,0.0,0.0,0.0,0.0,0.0,0.0,0.0,0.0,0.0,0.0,0.0,0.0,0.0,0.0,0.0
Por5_E4,220362,-0.33849764157687423,0.09209359225642257,-0.01836864108536507,0.14421836283285666,-0.004745087526076492,-0.0031924993673709966,-0.0048096487210350855,0.0030028293961492938,-0.0013132795559097502,0.0024991947369249036,-0.004680834731250873,0.0022034477224149216,0.00813472703116363,0.0005755364775712056,-0.006446226435941627,0.006513739157226638,-0.013913317460578693,-0.013561151029886406,-0.004184653449444138,0.0012113156155658166,0.0011194156739330534,0.014014762403022366,-0.002322204110061193,0.0004767316508084077,0.0029645118486988408,0.0007062634897879598,-0.0007512365750149868,-4.177941029385502e-05,7.523917745403507e-05,-2.8018217875592654e-05,0.00018252506383334112,0.0,0.0,0.0,0.0,0.0,0.0,0.0,0.0,0.0,0.0,0.0,0.0,0.0,0.0,0.0,0.0,0.0,0.0,0.0,0.0,0.0
Por5_W1,220363,0.11836244798894231,0.1089756115120201,-0.06755731343121772,-0.004408240781503139,-0.09525706202605545,0.004900253000760795,0.0031815438086378717,-0.002989015221356121,-0.008067199086435934,-0.004491314043573248,0.001491247548816718,0.0078402255146567,0.017013370694020223,-7.931864153113895e-05,0.015325112911886065,-0.014738777438860658,-0.003712159958361959,-0.004091579650366654,0.007636887531873061,-0.0014105963620891827,0.003557459908940152,0.00015054530909554536,0.0014351817724941793,8.93728704897182e-05,-0.0011889757523086606,-0.00081999357743337,-0.001026966215306367,0.00018517437287061755,0.00044215016485252577,0.00018980953992288828,-5.229449324715642e-05,0.0,0.0,0.0,0.0,0.0,0.0,0.0,0.0,0.0,0.0,0.0,0.0,0.0,0.0,0.0,0.0,0.0,0.0,0.0,0.0,0.0
Por5_W2,220364,0.12875866514142575,0.1286517035290385,-0.07575084438217583,-0.011838946550557797,-0.10790746872674209,0.010940456242318574,0.024048251991195372,0.016515996510831212,-0.011896087677662072,-0.001974923003954396,-0.0038153582485010505,-0.01902554574565159,0.0029663416696492574,-0.025976810797984362,0.0003020689346675828,0.014699138603173652,-0.0013592786687089138,0.005630868250801858,-0.002303318014560813,-0.0031274023462370816,0.0029960823862612788,-5.313895859996933e-05,0.00031159135176681593,0.002132100220610722,-0.00013178100524341104,0.0011318991964348528,0.0009471423804236377,-0.000366593040327518,-0.0003721713482249041,1.2571272164095134e-06,-2.304302385333612e-05,0.0,0.0,0.0,0.0,0.0,0.0,0.0,0.0,0.0,0.0,0.0,0.0,0.0,0.0,0.0,0.0,0.0,0.0,0.0,0.0,0.0
Por5_W3,220365,-0.3137168724752417,0.0640037235288111,-0.02666461381506738,0.0604583405264987,0.015075576035214611,-0.00411634247609565,0.06474964496222106,-0.05331283041673754,-0.008300337645794895,0.01104825476641443,-0.0073089952735215565,0.010102182073895351,0.004797831936807954,0.002905166462487869,0.00023085139666407693,0.004493688634985831,-0.008618556991631844,-0.0009679788931361894,-0.003982005863423962,0.0002424014674098604,0.0005655873783685869,-0.000835361491761444,-7.595572615056161e-05,-0.00027848362267952935,-0.001045694396738106,-0.00034499692548175143,0.0003432295926313611,0.00015063906145449407,3.6000783768378934e-05,2.86599185380437e-05,-5.3255627084909015e-05,0.0,0.0,0.0,0.0,0.0,0.0,0.0,0.0,0.0,0.0,0.0,0.0,0.0,0.0,0.0,0.0,0.0,0.0,0.0,0.0,0.0
Por5_W4,220366,-0.3324461549602665,0.09052403578340129,-0.017857766931258408,0.10495723674472428,0.0016545640132463685,-0.0006954748831759135,-0.015739089534475805,0.012761943152320128,-0.003305539450140445,0.0073168067941914204,-0.003934529403622381,-0.0024574030783808044,-0.009178268826510141,-0.005702848203099474,0.009885508007993907,-0.006047769765399602,0.011416360112014736,0.011576953399486663,0.001997052660132319,-0.0037766049698686093,0.004368034986184001,0.005175670909055381,-0.004846956839972469,-0.004163358320437574,-0.005408553840016094,-0.0007732131163205961,0.001008651284209684,-0.0002345426604832505,-0.0003322718755883209,-2.849136623994364e-05,-0.0002944335719110107,0.0,0.0,0.0,0.0,0.0,0.0,0.0,0.0,0.0,0.0,0.0,0.0,0.0,0.0,0.0,0.0,0.0,0.0,0.0,0.0,0.0
Por6_E1,220367,0.03782018381158973,-0.19452740623488585,-0.030938783950480015,0.041229496864925406,-0.029481208450082463,-0.09955018076157862,-0.018739300824099168,0.010640125829026452,-0.007331479210030874,0.01784252178800366,0.014226282626648209,-0.0007886783154618734,-0.012810223221665895,-0.003600298037099464,-0.0021231740674789432,-0.004750194601753557,0.00803099370509692,0.0033864589917738564,0.0048694384188663845,0.0010967939357164644,3.3869897500887476e-05,0.0017983126612491668,-0.0016079407566463191,-0.0015589400473224103,0.0022821622141685417,0.00016369328745948012,2.3904303346511555e-05,-0.00038424676488150403,9.156466587463332e-05,-6.235281992536511e-05,-0.00017704330913291788,0.0,0.0,0.0,0.0,0.0,0.0,0.0,0.0,0.0,0.0,0.0,0.0,0.0,0.0,0.0,0.0,0.0,0.0,0.0,0.0,0.0
Por6_E2,220368,0.04332506155663902,-0.19796544985436515,-0.06184541239266443,-0.0071983956236790995,0.0071519185988506645,-0.008114811906565494,-0.015197125672922203,-0.016634404526264183,-0.005310328150950689,0.0029343201086953017,0.008721241042660598,-0.003108026660467066,0.0025598472309215758,-0.011251117185767946,-0.007693101007876125,0.006433550873860256,0.006460724639821608,-0.012969362416053351,-0.0054186056358763,-0.004886036043766874,-0.003945827217009402,0.0005750456454474787,0.0009286216739662024,0.004712003344378075,-0.007024970234969783,0.0003542661824476241,-0.00018191517405401696,0.0015964111932248919,-0.0002831945429200891,0.00023262046377244572,0.0005817375415804241,0.0,0.0,0.0,0.0,0.0,0.0,0.0,0.0,0.0,0.0,0.0,0.0,0.0,0.0,0.0,0.0,0.0,0.0,0.0,0.0,0.0
Por6_E3,220369,0.04823959887344989,-0.21817664057366876,-0.0702290139535579,-0.013611514799480617,0.008845688961426377,0.02101659708338385,-0.01557706738234004,-0.01330555529321444,-0.0037329367430593784,-0.0016559583376533954,0.008179631169950529,-0.0056118996784948125,-0.011120866564465048,-0.011370333132168528,-0.018017540131816973,-0.011627708068172062,-0.016391716380889557,-0.0038833323342075863,0.010963777988380084,0.0004281739576053745,0.0013618069725438958,0.001142559736465388,0.002646440112878731,-0.0009638077146426001,0.00408138313459887,-1.6628896246108362e-06,0.0005747038712892548,-0.0010778769955957673,0.0004542467929378117,5.325492204823592e-05,-0.0006814532971042298,0.0,0.0,0.0,0.0,0.0,0.0,0.0,0.0,0.0,0.0,0.0,0.0,0.0,0.0,0.0,0.0,0.0,0.0,0.0,0.0,0.0
Por6_E4,220370,0.06108371198370478,-0.1950848588442666,-0.05532467382904698,0.05486061099631324,-0.005358299643321544,0.02620101839623075,-0.014979778072005399,0.009891449464891592,0.015283949380575144,-0.018247752944269908,-0.0027317145968429215,-0.00514424877191176,-0.013588881579149392,0.0016831115820535167,0.005432365943494173,-0.012340112103090379,-0.0073268086165470744,0.012754540579155723,-0.006688291707924064,-0.0023362603399480738,-0.004688983414036198,0.00026620104169928924,-0.0021394265430121533,0.0005289587892598004,-0.003933535234554274,-0.0003112965550670565,-0.0003536549502150648,0.0005260197009892431,-0.00037315444032321485,-0.00017847827946265832,0.0004453596412009955,0.0,0.0,0.0,0.0,0.0,0.0,0.0,0.0,0.0,0.0,0.0,0.0,0.0,0.0,0.0,0.0,0.0,0.0,0.0,0.0,0.0
Por6_W1,220371,0.027625944976713866,-0.22250066467983687,-0.04554917154801629,-0.007180977684640433,-0.014210396427668191,-0.049881438361745606,-0.007759378002809205,0.011818255035486723,-0.001506387164752159,0.009037185207383152,-0.008220292356855877,0.0036840219098457027,0.00491097324301664,0.019605041708932784,0.011165129069912736,0.009480392945118472,-0.0031995764544055032,0.006446677655081244,-0.019771800818820715,0.00809183164863911,0.007730935352001645,-0.005899097828586846,-0.0042124544046638355,0.0005330980167612243,0.0015601017628864332,0.0006258627300891452,4.591846975299962e-05,0.00011754243422496239,0.0002807418667257529,4.441710775050668e-05,-0.00025580588576664304,0.0,0.0,0.0,0.0,0.0,0.0,0.0,0.0,0.0,0.0,0.0,0.0,0.0,0.0,0.0,0.0,0.0,0.0,0.0,0.0,0.0
Por6_W2,220372,0.02137297329257106,-0.1812730088876486,-0.03444128604456623,-0.006938244309751692,0.017806661965683975,0.10660148430936374,0.0032654276656568794,0.021290692824071845,-0.007725594129965118,0.018371902229675646,0.004008444082024741,0.0022177735058520457,-0.004541266876162118,0.006516181566117582,-0.008842442243016299,-0.003320551840716369,-0.018895967275292497,0.004360909321614925,-0.0032069186825794543,0.005171350318484733,0.004629799190727559,-0.0031635731584712273,-0.0008185148396065585,0.00015977668785741662,-0.00252631410070354,-0.00034089070710952084,5.606364678352628e-05,0.0004110531394927492,-0.00018333634412053107,-8.130400615006501e-05,5.850892344817124e-05,0.0,0.0,0.0,0.0,0.0,0.0,0.0,0.0,0.0,0.0,0.0,0.0,0.0,0.0,0.0,0.0,0.0,0.0,0.0,0.0,0.0
Por6_W3,220373,0.052945016471114846,-0.16990417829245866,-0.045797735375259954,0.05406692814542706,0.00023471719639681912,0.038807461257278665,-0.00753156537789523,0.009831598300561304,0.018213685983632967,-0.02452449691399294,-0.0031094385682223324,-0.004781421672843572,0.00010897490068430664,-0.008151011541053606,0.0048469933724732866,-0.003971580608435415,0.004446082039866338,0.0002761601383624522,0.004189246711368425,0.006197799579207592,0.011959884641825161,-0.001604726507704925,-0.003231415172615108,-0.0007759036945650501,0.0009385900022066356,0.0007452344508031237,0.0002109982377994531,0.0006582568741784301,-7.57546574598183e-06,7.833559418177858e-05,-7.679455387562837e-05,0.0,0.0,0.0,0.0,0.0,0.0,0.0,0.0,0.0,0.0,0.0,0.0,0.0,0.0,0.0,0.0,0.0,0.0,0.0,0.0,0.0
Por6_W4,220374,0.04358079335985769,-0.19882576992890655,-0.062175920919277525,-0.005550815002405881,0.009579959414424888,0.019092641031178154,-0.01080942291897254,-0.007956524906750138,0.003802316175279042,-0.009981285812851695,-0.004550739353397528,-0.0021241726353008997,0.0096560619888838,0.0016569592208268832,0.006799958852614343,0.009053163979502617,0.004655310019426019,-0.00393298602764877,-0.014236637552688775,-0.006887276872766869,-0.006958060925516323,0.0001991113042364058,0.0012340720358429529,0.0038624996656693752,0.0010901317003847405,0.00021019123389689275,-3.926658994346633e-05,-0.0005593682548649912,0.0004272893392393649,0.00020994942845592863,-0.00037872057790536563,0.0,0.0,0.0,0.0,0.0,0.0,0.0,0.0,0.0,0.0,0.0,0.0,0.0,0.0,0.0,0.0,0.0,0.0,0.0,0.0,0.0
proportion_explained,0,0.3771484194825383,0.32300576537464243,0.19126336058701673,0.03473668949381668,0.02473706131296221,0.014422337063983746,0.007160915195570896,0.0062709851672660966,0.004880381416829772,0.0034906040403715017,0.002591856154656308,0.0017375363306136602,0.0014672420087678262,0.0013074823620691884,0.001142519888903572,0.0009645395914463699,0.0008331603959928395,0.0006375296477291548,0.0005696728996250743,0.0003253150273118499,0.0003026119476583897,0.00025812037144265975,0.00021643902317992862,0.00019292583555711223,0.0001307741380108961,7.589149041012104e-05,5.394732104506969e-05,4.1054954976365785e-05,2.290348102033838e-05,7.885410909763906e-06,4.07258367514015e-06,0.0,0.0,0.0,0.0,0.0,0.0,0.0,0.0,0.0,0.0,0.0,0.0,0.0,0.0,0.0,0.0,0.0,0.0,0.0,0.0,0.0
